标题,播放数,链接
听了几个故事，正好讲给你玩,105万,http://music.163.com/playlist?id=2298138241
《中国新说唱》入围选手作品合集,228万,http://music.163.com/playlist?id=2291115145
古往今来多少事，皆随风雨醉心头,78万,http://music.163.com/playlist?id=2290797610
三字华语 | 道不清的简单排列，字字扎心,274万,http://music.163.com/playlist?id=2287425319
在路上永远年轻 永远热泪盈眶,67万,http://music.163.com/playlist?id=2286380125
写歌人在写他的故事，听歌人在回忆往事,472万,http://music.163.com/playlist?id=2272425701
聆听这些流行乐队的活力之歌,208万,http://music.163.com/playlist?id=2278767768
日系｜摇曳在梦境的星辰,77万,http://music.163.com/playlist?id=2274346473
2018世界杯 | 用音乐为足球呐喊,271万,http://music.163.com/playlist?id=2269661190
我不喜欢这个世界 我只喜欢你,181万,http://music.163.com/playlist?id=2263732677
『华语女声』糟糕！是心动的感觉,862万,http://music.163.com/playlist?id=2259687728
提及年少一词，应与平庸相斥,371万,http://music.163.com/playlist?id=2255796408
今天也要有完美的主题曲,39万,http://music.163.com/playlist?id=2256423035
有意思！这些歌的歌名居然对着唱反调,609万,http://music.163.com/playlist?id=2246886256
[ACG励志]卸下包袱 迈出脚步,156万,http://music.163.com/playlist?id=2239168029
【冷门电音】星光掩盖下的绝美苍穹,72万,http://music.163.com/playlist?id=2243829625
浪漫爱情轻喜剧，电影冰室夏日专场,171万,http://music.163.com/playlist?id=2238665869
励志摇滚 · 人生本是永无止境的攀登,457万,http://music.163.com/playlist?id=2246462833
"""从今往后你要笑得大方 也要走得坦荡""",290万,http://music.163.com/playlist?id=2245204112
⚡️18年5月新热电音推送,347万,http://music.163.com/playlist?id=2245178798
予你情诗百首，余生你是我的所有,976万,http://music.163.com/playlist?id=2230318386
〖纯音乐〗轻旋淡律，也可以抓住你的耳朵,508万,http://music.163.com/playlist?id=2235097256
女音抒情丨茫茫的人世，小小的幸福,164万,http://music.163.com/playlist?id=2237302024
Acoustic｜坠入不插电版的电音人声,147万,http://music.163.com/playlist?id=2229983468
韩语甜歌库｜糖果味少女心,21万,http://music.163.com/playlist?id=2232185652
鼓点节奏 声出即掳获双耳100％❤️,308万,http://music.163.com/playlist?id=2235611161
【经典】聼一首老歌，想念一段时光,611万,http://music.163.com/playlist?id=2236351380
『1975-至今』经典日剧主题曲/剧中曲大盘点,92万,http://music.163.com/playlist?id=2229592017
2018中国新说唱参赛选手合集,246万,http://music.163.com/playlist?id=2234855597
【吉他电音】跃动于弦上的电流弧光,144万,http://music.163.com/playlist?id=2229991328
耳朵喜欢你 好听到可以单曲循环,1522万,http://music.163.com/playlist?id=2232237850
致孤单的人们，让初音带领你离开孤独,59万,http://music.163.com/playlist?id=2235841494
许嵩歌曲收录｜一代人的青春,49万,http://music.163.com/playlist?id=2236597978
古风式浪漫｜藏在歌词里的一纸情书,237万,http://music.163.com/playlist?id=2232929475
▪Vol.14 | 西 城 二 十 年,52万,http://music.163.com/playlist?id=2219322998
百位V家P主，每人一首良曲,79万,http://music.163.com/playlist?id=2226641834
「日系抒情」无处寄托的心，无法忘记的你,149万,http://music.163.com/playlist?id=2225835134
『纯音』高考&中考丨减压小仓库,116万,http://music.163.com/playlist?id=2221546487
日系男声 | 微风掠过，你眼底是最美的盛夏,100万,http://music.163.com/playlist?id=2227697627
「古风」钢琴前奏，还你一个清凉静谧的夏天,259万,http://music.163.com/playlist?id=2221827668
致时光里的相遇°爱情电影记事本,396万,http://music.163.com/playlist?id=2221187249
【女声电音】甜蜜与动感的美妙律动,40万,http://music.163.com/playlist?id=2220502985
『原创古风』编曲给音乐划上浓墨重彩的一笔,221万,http://music.163.com/playlist?id=2219028438
T台节奏BGM•听完这单 谁还不是个超模咋地?,703万,http://music.163.com/playlist?id=2216189440
感情变了质，等时间掩埋,718万,http://music.163.com/playlist?id=2215440866
Uplifting Trance丨直击灵魂深处的电子音乐,196万,http://music.163.com/playlist?id=2218083370
愿你走出半生， 归来仍是少年！,18万,http://music.163.com/playlist?id=2216497311
你的青春里有没有属于你的一首歌？,2302万,http://music.163.com/playlist?id=2201879658
绿荫之日——轻快悠闲纯音小调,109万,http://music.163.com/playlist?id=2200232865
伤心的时候，来偷偷听着哭吧,350万,http://music.163.com/playlist?id=2199699508
[ACG抒情]那些温柔 令人心碎,180万,http://music.163.com/playlist?id=2200464560
「节奏女嗓」像樱桃入酒 融于耳·醉于心,84万,http://music.163.com/playlist?id=2201002094
你就是你生来具有的光芒,409万,http://music.163.com/playlist?id=2200001353
二次演绎｜爵士与萌元素的浪漫邂逅,93万,http://music.163.com/playlist?id=2208755736
我不丧，只是在心情差时碰巧多听了几首歌,430万,http://music.163.com/playlist?id=2252736518
倾听100部电影，爱情的美丽与哀愁,544万,http://music.163.com/playlist?id=2203603614
你离开以后，我将自己活成了你的样子,534万,http://music.163.com/playlist?id=2205731441
突然兴奋！唱见的电波时刻,91万,http://music.163.com/playlist?id=2202381769
〖私藏〗节奏盛宴，电音中的质感女嗓,26万,http://music.163.com/playlist?id=2255720648
防弹少年团BTS出道以来所有歌曲完整合辑,87万,http://music.163.com/playlist?id=2208664380
人从未完整过 只是碎片的拼合,20万,http://music.163.com/playlist?id=2207327052
重逢是始料未及丨回首又见你 流星花园,510万,http://music.163.com/playlist?id=2202374751
当进击节奏迷之出彩旋律Drum&Bass/Dubstep,555万,http://music.163.com/playlist?id=2202058359
愿你身边有个永远偏袒你的人,169万,http://music.163.com/playlist?id=2203183914
⚡️18年4月新热电音推送,275万,http://music.163.com/playlist?id=2203423972
就想傻傻看着你，谁叫我喜欢你,109万,http://music.163.com/playlist?id=2201595918
EDC China•音乐节现场歌单,126万,http://music.163.com/playlist?id=2206105962
"不如""乐""读——适合读书时听的古典音乐",214万,http://music.163.com/playlist?id=2192872919
听罢这些电影旋律｜好似领略百感人生,345万,http://music.163.com/playlist?id=2190625773
点起一支烟，听一首粤语歌,659万,http://music.163.com/playlist?id=2197936899
『四大名著』中国古典文学的精品,192万,http://music.163.com/playlist?id=2193807890
夏天快要过去，牵你手买冰淇淋,602万,http://music.163.com/playlist?id=2199015597
闽南语丨原来也可以如此清新与情深,96万,http://music.163.com/playlist?id=2195453350
岛·台湾乐队集°台北夜空下的氤氲青年,107万,http://music.163.com/playlist?id=2194760666
第五人格原声带及适合玩第五的bgm,25万,http://music.163.com/playlist?id=2192151220
这世上“所有”的歌,766万,http://music.163.com/playlist?id=2236353964
细数那些值得单曲循环的英文歌,441万,http://music.163.com/playlist?id=2193563343
心灵之音，拯救迷失的你,18万,http://music.163.com/playlist?id=2199404945
【创造101】最全参赛曲目及其BGM,151万,http://music.163.com/playlist?id=2195253696
进击的次元！百首超燃动漫背景音乐,269万,http://music.163.com/playlist?id=2188389237
元气少女音丨沉溺于这场甜美梦境,262万,http://music.163.com/playlist?id=2188265841
致回不去的校园，致那美好的曾经,769万,http://music.163.com/playlist?id=2182683172
后来的我们 唱着《后来》消失在人海,500万,http://music.163.com/playlist?id=2181695887
【Hip-Hop】西海岸精选,128万,http://music.163.com/playlist?id=2186166423
欢快小调 给百无聊赖的生活来支兴奋剂,376万,http://music.163.com/playlist?id=2182669327
『百首韩语女声』也曾晴朗 落一身浅浅的伤,52万,http://music.163.com/playlist?id=2188304400
★中国新说唱★合集,67万,http://music.163.com/playlist?id=2199170377
『2018』奔跑吧 第二季 BGM,77万,http://music.163.com/playlist?id=2192048784
亲爱的，勇敢一点,207万,http://music.163.com/playlist?id=2183979013
华语百首「青春仿佛因我爱你开始」,173万,http://music.163.com/playlist?id=2188233670
Begin Again2 JTBC韩综,11万,http://music.163.com/playlist?id=2180573873
向往的生活2第二季,67万,http://music.163.com/playlist?id=2184439176
「韩◎治愈少女」拯救你的少女心♡,41万,http://music.163.com/playlist?id=2172729859
人这辈子，就怕突然把某一首歌听懂了。,34万,http://music.163.com/playlist?id=2188994182
倾听自然 · 林涧细语,331万,http://music.163.com/playlist?id=2179792198
百部动画摇滚，百首经典旋律,258万,http://music.163.com/playlist?id=2174130269
日系| 有一种乐音，温暖一如被春日洗礼,77万,http://music.163.com/playlist?id=2185852585
『国摇』八十支乐队八十种精神信仰,429万,http://music.163.com/playlist?id=2179431622
100个悲伤的瞬间，有没有你的心酸？,1067万,http://music.163.com/playlist?id=2179646633
节奏带感且时尚性感<100首Fashion BGM>,928万,http://music.163.com/playlist?id=2173059435
『古风遇梦』听梦不愿醒 便随你风月无际,153万,http://music.163.com/playlist?id=2171419444
【China】国人电音精品，这节奏不停歇,218万,http://music.163.com/playlist?id=2176013162
台湾流行音乐简史七·青春诗「2005—2009」,11万,http://music.163.com/playlist?id=2183891568
絮语|即使真空不传声 宇宙也知道我想你,94万,http://music.163.com/playlist?id=2174407398
比CD更惊艳的live现场,67万,http://music.163.com/playlist?id=2185631022
第一眼就确认 我的余生都与你有关,121万,http://music.163.com/playlist?id=2170094176
百首日系深情，献给我曾挚爱过的你,421万,http://music.163.com/playlist?id=2166790155
熬夜和想你，我都该戒掉了,1549万,http://music.163.com/playlist?id=2163517726
于时间的长廊上 你再也不等我,1080万,http://music.163.com/playlist?id=2168895862
爱是陪伴，是你在身边的每一天,169万,http://music.163.com/playlist?id=2179929183
"""多少人以朋友的名义爱着一个人? """,846万,http://music.163.com/playlist?id=2162749304
全球最炸rave蹦迪歌单,21万,http://music.163.com/playlist?id=2180153213
韩语♬清脆嘹亮·沦陷在转瞬即逝的美好中,15万,http://music.163.com/playlist?id=2172330043
[ACG萌曲]百首傻白甜的欢脱小调,115万,http://music.163.com/playlist?id=2167718593
华语电影台词对白｜念念有声,445万,http://music.163.com/playlist?id=2166181332
华语组合‖谁的歌声曾激励了你整个青春,254万,http://music.163.com/playlist?id=2161140296
繁华都市里的100个孤独旅人,396万,http://music.163.com/playlist?id=2161007233
张学友、陈奕迅、杨千嬅、王菲Live,27万,http://music.163.com/playlist?id=2161723269
【综艺】Heart Signal 第二季,89万,http://music.163.com/playlist?id=2164695804
【如果你想听民谣，此单足矣】,64万,http://music.163.com/playlist?id=2169832830
Hardcore·硬核｜低音轰炸·终极暴躁！,27万,http://music.163.com/playlist?id=2160691238
EDC CHINA 2018 | 这些电音大神要来中国啦,368万,http://music.163.com/playlist?id=2157706591
爆炸盘点EDM，无酒自嗨,14万,http://music.163.com/playlist?id=2160504428
2018年4月新番动漫歌单音乐集,17万,http://music.163.com/playlist?id=2168332439
♡ ⚘ 愛 人 先 愛 己 ❦ ♡,15万,http://music.163.com/playlist?id=2158057377
论如何优雅的做个没有感情的大人,501万,http://music.163.com/playlist?id=2156205051
「古风」藏在诗词里的歌名,421万,http://music.163.com/playlist?id=2157458176
2018公告牌全球百大DJ/电音制作人！,687万,http://music.163.com/playlist?id=2153498917
【第一精品】纯电音and抖腿！,20万,http://music.163.com/playlist?id=2157394859
薄荷清凉味海风 夏日度假电音鉴赏☀,134万,http://music.163.com/playlist?id=2154941443
华语｜让那些故事 都藏进时间里吧,310万,http://music.163.com/playlist?id=2154504854
绝美鼓乐集｜華枝春滿 天心月圓,220万,http://music.163.com/playlist?id=2148086011
我爱你 第一句是假的 第二句也是假的,1449万,http://music.163.com/playlist?id=2144281377
首届Billboard Dance 100榜单公布,43万,http://music.163.com/playlist?id=2152611379
〈世末歌者〉纯净男女声古风系歌曲,11万,http://music.163.com/playlist?id=2153869183
2018Ultra Miami全阵容 现场歌单20周年,14万,http://music.163.com/playlist?id=2154713265
情歌里的哪句歌词，让你莫名的忧伤？,339万,http://music.163.com/playlist?id=2148299947
最 丧 也 最 甜 美,32万,http://music.163.com/playlist?id=2151648158
求求你们了，让我睡会儿好不好,996万,http://music.163.com/playlist?id=2131958935
陈蓉蓉的游戏BGM(建议随机播放),22万,http://music.163.com/playlist?id=2140901609
节奏带感且深邃性感 ️️这才系Deep House呀,1059万,http://music.163.com/playlist?id=2139118830
岁月如潮水，将我向老歌推,1429万,http://music.163.com/playlist?id=2139305008
歌词唱透了心声，回忆模糊了眼眸,1546万,http://music.163.com/playlist?id=2139324915
一百首‖让你瞬间勾起回忆的老歌,531万,http://music.163.com/playlist?id=2134203011
台湾偶像剧黄金年代|记忆是阵阵花香,735万,http://music.163.com/playlist?id=2134421380
【耳熟能详的英文歌】,68万,http://music.163.com/playlist?id=2136581166
【偶像练习生】梦回大厂,46万,http://music.163.com/playlist?id=2135543528
百首悠扬纯音 · 奏响日系绚章,141万,http://music.163.com/playlist?id=2136453022
生活明朗 万物可爱,18万,http://music.163.com/playlist?id=2146510236
「孤独与愁」霓虹雨巷 孑然一身,83万,http://music.163.com/playlist?id=2133607746
电影丨头号玩家/玩家一号/READY PLAYER ONE,128万,http://music.163.com/playlist?id=2138786247
下次理发我要让我的Tony播放这个歌单,1451万,http://music.163.com/playlist?id=2120785460
迈克尔杰克逊的全曲（好不容易找到的）,32万,http://music.163.com/playlist?id=2133963969
说到底还是想你,214万,http://music.163.com/playlist?id=2123597776
英文歌自动循环单°,21万,http://music.163.com/playlist?id=2140965208
【节奏控】那些一听就中毒的电音(纯音乐篇),579万,http://music.163.com/playlist?id=2120271089
UrbanDance 编舞官方精选,17万,http://music.163.com/playlist?id=2131098423
「甜美声线」清新俏皮 小女生风情,342万,http://music.163.com/playlist?id=2129728437
百部韩剧经典OST合集，纪念追剧时光,445万,http://music.163.com/playlist?id=2127472941
GLR_G丽姐歌单,30万,http://music.163.com/playlist?id=2135347394
载满自由的车，开往世界尽头,55万,http://music.163.com/playlist?id=2136493774
想在阴天里听莫文蔚的电台情歌,391万,http://music.163.com/playlist?id=2129467457
「新世纪」如沐朝阳的温暖与诗意,198万,http://music.163.com/playlist?id=2128571926
❤❤『日食记』温暖舒缓背景音乐,16万,http://music.163.com/playlist?id=2122885769
【民谣】 伴随走着的还有故事,60万,http://music.163.com/playlist?id=2137033733
【SHE全专辑集】,159万,http://music.163.com/playlist?id=2121558366
田馥甄最全歌曲正序集,87万,http://music.163.com/playlist?id=2125261392
「ACG」由衷的青睐，源自真心的美好,207万,http://music.163.com/playlist?id=2111401734
「古风」错身遇个你，穷尽诗家笔,289万,http://music.163.com/playlist?id=2118036706
【治愈英语歌】温柔的灵魂终将相遇,84万,http://music.163.com/playlist?id=2114154989
昭和时代歌姬——70年代篇,14万,http://music.163.com/playlist?id=2121431882
打开耳朵听最牛逼的中文说唱flow,12万,http://music.163.com/playlist?id=2128231392
「开口沉醉」慵懒迷离的欧美女声,183万,http://music.163.com/playlist?id=2116417781
『开口脆』那些惊艳的欧美男声⭐️,92万,http://music.163.com/playlist?id=2111375624
〖超燃电音〗电子竞技必备,70万,http://music.163.com/playlist?id=2112525624
日系/无前奏：开口即跪 一秒沦陷,431万,http://music.163.com/playlist?id=2105681544
值得循环的一百首日系男友音,309万,http://music.163.com/playlist?id=2108339599
你来这走一遭 奇迹般万物生长,210万,http://music.163.com/playlist?id=2116641078
非主流青春里听过的歌,203万,http://music.163.com/playlist?id=2113359151
『欢快节奏』专业治愈各种不开心～,62万,http://music.163.com/playlist?id=2118657705
『古风』随歌入画，笔墨浓淡丹青绘山河,162万,http://music.163.com/playlist?id=2102255856
纯音乐｜钢琴与旧书页，会跳舞的黑白键,547万,http://music.163.com/playlist?id=2099302296
日系治愈男声，逐步陷入温柔的世界,110万,http://music.163.com/playlist?id=2095806875
童年经典儿歌大全,47万,http://music.163.com/playlist?id=2109436111
玫瑰全都给你 可不可以把你给我？,578万,http://music.163.com/playlist?id=2097947168
民谣里有哪些動聽的情话？,346万,http://music.163.com/playlist?id=2091758391
如果可以，我想和古人谈一场恋爱,238万,http://music.163.com/playlist?id=2091038787
古风 I 红烛多情化着泪 漫漫长夜摧伊人,283万,http://music.163.com/playlist?id=2100341581
『無前奏 | 女嗓』开口即跪 心醉神迷.,1607万,http://music.163.com/playlist?id=2089907261
【纯音乐】古风/练字画画静想,26万,http://music.163.com/playlist?id=2095293272
赶走阴霾 来一首欢快的欧美小调,894万,http://music.163.com/playlist?id=2084738832
听什么歌都像在唱自己,227万,http://music.163.com/playlist?id=2082564528
想要办一场古风婚礼，许一世天地作嫁,528万,http://music.163.com/playlist?id=2074273616
古风精选 你眼中是江湖 我眼中是你,644万,http://music.163.com/playlist?id=2074681032
告白恋语｜喜欢你，直至生命最后一刻,134万,http://music.163.com/playlist?id=2075961982
深度睡眠 音符伴你入梦 愿你一夜好眠,236万,http://music.163.com/playlist?id=2086732756
【睡觉专用】适合晚上安静听的纯音乐,21万,http://music.163.com/playlist?id=2080883300
❥某 音 | 確認過眼神，也遇不到對的人,85万,http://music.163.com/playlist?id=2082561128
恋爱系Melody，不知觉已陷入暗恋之心,425万,http://music.163.com/playlist?id=2069140707
古典清香 I 我的茶馆里住着巴赫与肖邦,288万,http://music.163.com/playlist?id=2065854146
综艺《偶像练习生》BGM合辑,405万,http://music.163.com/playlist?id=2065515420
「偶像练习生」参赛曲目(Nine Percent),701万,http://music.163.com/playlist?id=2070073302
只是想安静的 享受那份呼吸的感觉。o・°。,733万,http://music.163.com/playlist?id=2058497430
【Pr】自认为很好的剪辑时的音乐/音效,49万,http://music.163.com/playlist?id=2055435222
痛彻心扉地哭，然后刻骨铭心地记住,1182万,http://music.163.com/playlist?id=2059430694
国人的纯音已经到了什么境界,99万,http://music.163.com/playlist?id=2070331664
百首日系抒情，总有一首触动你的心,621万,http://music.163.com/playlist?id=2048970456
『曲作精选』细数古风圈原创作曲人❶,774万,http://music.163.com/playlist?id=2041615881
每首都能单曲循环的国语,511万,http://music.163.com/playlist?id=2068672770
华语 | 80/90都听过的经典老歌【怀旧篇】,370万,http://music.163.com/playlist?id=2059412026
『致前任』我曾经很喜欢你 但也只能到这里,998万,http://music.163.com/playlist?id=2049424729
这个歌单就是你的补番表,59万,http://music.163.com/playlist?id=2037209821
吃鸡必备BGM 主播专用,283万,http://music.163.com/playlist?id=2031769374
【复习 论文 码字 代码 刷题】静心音乐大全,82万,http://music.163.com/playlist?id=2024518101
『魔性循环』你所耳熟能详的搞事情歌单,434万,http://music.163.com/playlist?id=2020493495
日系♥霓虹深处波动着的城市频率,12万,http://music.163.com/playlist?id=2292574479
华语情歌｜一个字就戳中泪点的情话,103万,http://music.163.com/playlist?id=2297168215
电音推拿 | 脑电波的恣意舞蹈,12万,http://music.163.com/playlist?id=2292841875
「旅途之歌 | 人生天地间 忽如远行客」,124万,http://music.163.com/playlist?id=2291358318
我自是年少，韶华倾负,11万,http://music.163.com/playlist?id=2295977238
日系情话|就像故事的伏笔，就像眼前的你,33万,http://music.163.com/playlist?id=2286581638
一纸情书‖只愿君心似我心 定当不负相思意,158万,http://music.163.com/playlist?id=2280458532
我们孤独的太过相似,17万,http://music.163.com/playlist?id=2282752254
海底月是天上月，眼前人是心上人,26万,http://music.163.com/playlist?id=2278836771
Ludovico Einaudi新古典钢琴最低纲领,21万,http://music.163.com/playlist?id=2282765330
荣耀10毕业之声：用一首歌，纪念我们的青春,20万,http://music.163.com/playlist?id=2279337982
致巨蟹|想要拥抱你柔软的心,524万,http://music.163.com/playlist?id=2279327164
一句情话‖山有木兮木有枝 心悦君兮君不知,17万,http://music.163.com/playlist?id=2281026097
梦幻流行|迷幻氛围的飘浮梦境,74万,http://music.163.com/playlist?id=2279925528
【华语】我走路带风，我如有神功,440万,http://music.163.com/playlist?id=2278829760
白日梦蓝 | 规格化时代巨塔下的青年惆怅客,41万,http://music.163.com/playlist?id=2288041836
「焦虑治疗室 The Anxiety Lounge」,169万,http://music.163.com/playlist?id=2280750444
足球离不开这些音乐，FIFA史上经典歌曲,22万,http://music.163.com/playlist?id=2287206514
【前奏秒酥】超迷幻风格让你一秒触“电”,36万,http://music.163.com/playlist?id=2286960241
「人间不值得，就爱穷开心」,140万,http://music.163.com/playlist?id=2288270090
那首关于我们的歌，你把结局唱给了谁听？,60万,http://music.163.com/playlist?id=2278832937
冰岛音乐 | 美如极光下的精灵在呢喃,14万,http://music.163.com/playlist?id=2287815468
夏至听歌 | 比冰镇西瓜更清凉的夏日旋律,35万,http://music.163.com/playlist?id=2280350868
一千零一夜 电视剧背景乐,15万,http://music.163.com/playlist?id=2286481608
毕业季 | 尚未佩妥剑 转眼即江湖,29万,http://music.163.com/playlist?id=2280560473
Source水滴厂牌·最灵动的节奏,108万,http://music.163.com/playlist?id=2276597341
与猫共眠于清风徐夏,40万,http://music.163.com/playlist?id=2270736941
【燃情时刻】世界杯音乐集锦,463万,http://music.163.com/playlist?id=2268185902
「日系」鸟语蝉鸣 夏日风物诗,27万,http://music.163.com/playlist?id=2269366268
日系|予你我全部的温柔,12万,http://music.163.com/playlist?id=2272337634
「夏至 | 今天我也喜欢你喔 」,418万,http://music.163.com/playlist?id=2275146829
民谣丨在你笑里睡一夏天,187万,http://music.163.com/playlist?id=2274405504
那些思念的夏天，抚慰些许疲惫的心,39万,http://music.163.com/playlist?id=2272696855
「上下班路上解压专用」,544万,http://music.163.com/playlist?id=2278070690
"•国人的噪声美学| 吾生梦幻间, 何事绁尘羁",449万,http://music.163.com/playlist?id=2269884762
岁月留声｜听一张２０世纪的老唱片,173万,http://music.163.com/playlist?id=2275008950
少年，请问你的梦想是什么？,64万,http://music.163.com/playlist?id=2268930548
【相见恨晚系列】小众fusion的好奇味道,111万,http://music.163.com/playlist?id=2268276393
如果你不再爱我 麻烦你打车走,181万,http://music.163.com/playlist?id=2275872735
爱你，身心俱疲却又难以割舍,20万,http://music.163.com/playlist?id=2268262692
艳阳里的大雪纷飞 寒夜里的四季如春,25万,http://music.163.com/playlist?id=2277563774
复古电子|邀请您参加摩登派对,63万,http://music.163.com/playlist?id=2276919071
四六级 挂是不可能挂的,55万,http://music.163.com/playlist?id=2271135326
韩RapSoul · 我只要你 温柔待我就好,36万,http://music.163.com/playlist?id=2268206513
独行者的心碎梦呓°,12万,http://music.163.com/playlist?id=2270675054
有意思！这些歌同名不同曲唱出别样旋律,326万,http://music.163.com/playlist?id=2277861412
谁解相思味 谁盼良人归,20万,http://music.163.com/playlist?id=2271245041
旧物派对 | 来逛TA的时空集装箱,84万,http://music.163.com/playlist?id=2269964181
熬夜宣言丨点燃深夜荷尔蒙,135万,http://music.163.com/playlist?id=2268545136
那六月的潮声，原是你眼中的一抹虹,273万,http://music.163.com/playlist?id=2275895517
放克来袭 | 一键开启律动时光,58万,http://music.163.com/playlist?id=2277638319
当足球遇上音乐，当球员跨界歌坛,149万,http://music.163.com/playlist?id=2268772311
端午｜ 时清日复长 千古歌韵传,218万,http://music.163.com/playlist?id=2271446285
华语|有颗星降落在我眼睛,191万,http://music.163.com/playlist?id=2270752850
重返绿茵场 又是追风少年,18万,http://music.163.com/playlist?id=2268166377
我这么可爱 要不要试着喜欢我,541万,http://music.163.com/playlist?id=2261011675
幻夏之忆 Ⅰ『煦风·夏雨·鸣蝉·萤火·你』,21万,http://music.163.com/playlist?id=2258085749
「日系男声」直击灵魂的呼唤,142万,http://music.163.com/playlist?id=2257831575
Strange Fruits｜清甜在水果厂的清新电音,23万,http://music.163.com/playlist?id=2265325264
【綺夢曼波】放克节奏 & 复古电子,39万,http://music.163.com/playlist?id=2259982760
Rap&EDM Trap丨说唱与狂野低音的碰撞,136万,http://music.163.com/playlist?id=2262084469
炎炎夏天，你是我偶然撞上的风景,156万,http://music.163.com/playlist?id=2263333863
『高考过后怎么嗨』答案就在这里,409万,http://music.163.com/playlist?id=2260474995
听完这首歌，就把你忘掉。,45万,http://music.163.com/playlist?id=2261917904
什么才算是初恋呢～。,36万,http://music.163.com/playlist?id=2264733653
沉溺于淡淡幻想中，不愿醒来的梦の续章,32万,http://music.163.com/playlist?id=2264616312
这么热的天 当然要勤洗头啦,870万,http://music.163.com/playlist?id=2258899307
曾经喜欢你，卑微到尘埃里,470万,http://music.163.com/playlist?id=2260046314
寻声计划Vol.7° | 请查收说唱男声的情话,61万,http://music.163.com/playlist?id=2266222756
久念致伤，我们听的是歌还是自己,203万,http://music.163.com/playlist?id=2258014719
抒情和风丨泪落心殇 花开彼岸,20万,http://music.163.com/playlist?id=2263892066
恋爱记：在有故事的地方寻找夏天的味道,212万,http://music.163.com/playlist?id=2260823757
你让我尝到了爱的味道,25万,http://music.163.com/playlist?id=2261182454
你真酷，从来不找我聊天,231万,http://music.163.com/playlist?id=2264606507
「脑悬空式」沉淀情绪，意识抽离,13万,http://music.163.com/playlist?id=2265512567
摩登复古趴｜中老年抖腿综合症患者福音,47万,http://music.163.com/playlist?id=2258264595
那些年，爸爸爱听的歌,381万,http://music.163.com/playlist?id=2267179853
复古青年爱听酷酷的歌°,78万,http://music.163.com/playlist?id=2266206105
只希望身边是你就好,148万,http://music.163.com/playlist?id=2264048158
Rnbass・慢 性 沦 陷,74万,http://music.163.com/playlist?id=2257422855
Jazz Hip Hop・爵 士 魅 影,14万,http://music.163.com/playlist?id=2259904185
当我跑步时 我都在听什么,74万,http://music.163.com/playlist?id=2257583873
现代诗与歌的浪漫邂逅,300万,http://music.163.com/playlist?id=2267055433
森田童子——谜一样的旷世奇才,21万,http://music.163.com/playlist?id=2266966065
清醒白日梦：天空和翅膀属性的旋律,27万,http://music.163.com/playlist?id=2266633433
愿你眼里长着太阳，笑里全是坦荡,16万,http://music.163.com/playlist?id=2264328733
「夏日午睡洗脑专用」,23万,http://music.163.com/playlist?id=2259151774
听 那来自天空遥远深处 风的声音 和我的心,21万,http://music.163.com/playlist?id=2261424766
夜雀酒吧｜爵士与幻想乡少女的酒宴,41万,http://music.163.com/playlist?id=2252139184
唯美纯音｜起舞月云下 漫步花海中,35万,http://music.163.com/playlist?id=2248888023
同桌的你，曾是我期待上课的理由,662万,http://music.163.com/playlist?id=2253353419
EDM史诗级混音，你听过几首？,363万,http://music.163.com/playlist?id=2253014799
再睡一夏|今夏也是非常令人安心的味道,48万,http://music.163.com/playlist?id=2250535915
十年林宥嘉：爱你这回事，整整十年,458万,http://music.163.com/playlist?id=2252293216
吸上一口骚气，做夏日舞池里最闪亮的星,380万,http://music.163.com/playlist?id=2247418439
6月国电精选 | 崛起中的中国电音,14万,http://music.163.com/playlist?id=2249790936
偷吃阳光 | 凉拌清新不油腻,86万,http://music.163.com/playlist?id=2254526148
凌驾欧美乐坛的女王们,140万,http://music.163.com/playlist?id=2248696006
无论怎样我们都要笑得灿烂 令世界黯然,163万,http://music.163.com/playlist?id=2250671118
“你唯一应该超越的人就是昨天的你”,72万,http://music.163.com/playlist?id=2249818997
诗与歌的相遇，被唱出来的现代诗,154万,http://music.163.com/playlist?id=2253642724
Melodic Dubstep|凤凰涅槃，梦幻美丽,12万,http://music.163.com/playlist?id=2255812524
【海洋电音】在波光涟漪中荡漾开来,21万,http://music.163.com/playlist?id=2247942615
静静听歌，不急不躁感受每一首歌的清凉,282万,http://music.163.com/playlist?id=2256376285
四季の歌·春花 秋月 夏日 冬雪,14万,http://music.163.com/playlist?id=2252634711
来自直男的反击丨这可是一道送分题哦,54万,http://music.163.com/playlist?id=2256041947
流行朋克|生活需要一点小情绪,36万,http://music.163.com/playlist?id=2255585637
陪你在「纯音乐」里看尽世间繁华,61万,http://music.163.com/playlist?id=2254364091
『考前奋力一搏』 加油，为自己而努力,34万,http://music.163.com/playlist?id=2247391573
搭乘时光机 重拾闪光的英雄梦想,21万,http://music.163.com/playlist?id=2248747017
火力全开|高考加油 全力以赴 天道酬勤,16万,http://music.163.com/playlist?id=2248485897
「那些醉人的华语妖嗓」,55万,http://music.163.com/playlist?id=2249292545
迎接晨曦|阳光般明亮清澈的电子,12万,http://music.163.com/playlist?id=2247310985
另类精选| 随手采一片月光，掬一簇夕阳,44万,http://music.163.com/playlist?id=2250054577
土味告白歌词来一拨，还不学起来！,42万,http://music.163.com/playlist?id=2255723367
结婚曲丨小哥哥 你准备好娶我了吗,335万,http://music.163.com/playlist?id=2246758878
底特律：成为人类OST/Detroit:Become Human,38万,http://music.163.com/playlist?id=2239831916
在这复杂的世界里，你是我唯一的甜,529万,http://music.163.com/playlist?id=2237551072
【日系&节奏控】这个歌单有毒，请谨慎食用,34万,http://music.163.com/playlist?id=2241818422
【甜美电音】你好似在云端吟唱的仙女,157万,http://music.163.com/playlist?id=2240147448
怎样撩到一个酷酷的小姐姐？,321万,http://music.163.com/playlist?id=2238914673
【励志电音】愿你身披星芒 执笔为剑,151万,http://music.163.com/playlist?id=2239286898
每天提升正能量 心中充满小太阳,92万,http://music.163.com/playlist?id=2239534739
中速舒适感 ♡ 被你和慵懒裹紧 (1/1),16万,http://music.163.com/playlist?id=2246224997
韩语小众 ๑ 聒噪世界里安抚人心的温柔,20万,http://music.163.com/playlist?id=2243734673
城市再喧闹，没你是空城,443万,http://music.163.com/playlist?id=2246298053
醉迷男Rapper丨值得单曲循环的男声HOOK,123万,http://music.163.com/playlist?id=2246363445
霓虹焰火 | 香槟滑过嘴边的微甜,24万,http://music.163.com/playlist?id=2240155044
社交绝缘体 | 每个人都是一颗独立的星球,17万,http://music.163.com/playlist?id=2241933127
韩剧《金秘书为什么那样》OST&BGM,16万,http://music.163.com/playlist?id=2246701391
来自纽约林肯中心的听觉盛宴,17万,http://music.163.com/playlist?id=2245075347
「致友人」问君此去几时还，来时莫徘徊,105万,http://music.163.com/playlist?id=2245673579
我不想撞南墙了，只想撞你的胸膛,19万,http://music.163.com/playlist?id=2246175626
South：精选30首南部G-Funk,21万,http://music.163.com/playlist?id=2245945775
Liquid Funk｜交融之音,12万,http://music.163.com/playlist?id=2245067520
保持一颗童心，生活会更简单,22万,http://music.163.com/playlist?id=2237543410
『儿童节快乐』 致每一颗不想长大的心,25万,http://music.163.com/playlist?id=2244988070
每个人都要有梦想，哪怕是遥不可及,30万,http://music.163.com/playlist?id=2243260852
义无反顾奔向你，去寻回一颗纯真童心,17万,http://music.163.com/playlist?id=2239254966
少女，你这么可爱要不要跟我回家去？,56万,http://music.163.com/playlist?id=2237118458
【万评电音】抬头，已是一片星海,116万,http://music.163.com/playlist?id=2237048282
『幻想魂音』灵魂的呐喊，响彻心扉,22万,http://music.163.com/playlist?id=2233014336
给宝宝磨耳朵的英语启蒙儿歌,22万,http://music.163.com/playlist?id=2228315927
我向来做事十拿九稳……,196万,http://music.163.com/playlist?id=2232643828
孤独的守望者丨星空只属于你,14万,http://music.163.com/playlist?id=2234516998
「纯音乐」你偶尔需要安静的发泄,49万,http://music.163.com/playlist?id=2229469033
表白撩妹歌曲|你还害怕没有对象吗,488万,http://music.163.com/playlist?id=2235991473
「日系」故事是歌曲的底色,31万,http://music.163.com/playlist?id=2229213646
欧美清新／柠檬味的夏日海风,65万,http://music.163.com/playlist?id=2232001906
犯规的嘴唱敲甜的Rap [情话说唱],28万,http://music.163.com/playlist?id=2228623452
【韩】让你感受女生的霸气☞Girl CRUSH,43万,http://music.163.com/playlist?id=2234374313
穿行隧道的摇篮,17万,http://music.163.com/playlist?id=2236697538
º醉后不知天在水，满船清梦压星河,14万,http://music.163.com/playlist?id=2231168805
缓解你的起床气,28万,http://music.163.com/playlist?id=2236424689
直抒胸臆丨华语嘻哈的武侠情怀,85万,http://music.163.com/playlist?id=2230735156
纯音丨岁月是谁的挽歌 响在时光的河,12万,http://music.163.com/playlist?id=2234068610
heart signal 2 单循,22万,http://music.163.com/playlist?id=2230462760
避暑の歌，我走路带风,27万,http://music.163.com/playlist?id=2234947805
“爱你就像藏头诗”,13万,http://music.163.com/playlist?id=2229721434
『甜甜的歌儿』这个夏天去谈恋爱吧,11万,http://music.163.com/playlist?id=2231131467
【孤星俱乐部】丧气满满还要用力去爱,13万,http://music.163.com/playlist?id=2230656370
男声辑 | 我有一首歌，可以慰风尘,46万,http://music.163.com/playlist?id=2229273130
今日最佳 | 听今日的份,19万,http://music.163.com/playlist?id=2235515994
哀怨与恐惧✞急迫的压抑感,12万,http://music.163.com/playlist?id=2230439383
「民谣」你的孤独 虽败犹荣,17万,http://music.163.com/playlist?id=2229235296
EDM Trap丨当抒情人声遇上邪魅低音,37万,http://music.163.com/playlist?id=2235869173
「日系女声」 飘荡在灵魂深处的旋律,22万,http://music.163.com/playlist?id=2221264999
（中国新说唱）没有参赛之音乐人,14万,http://music.163.com/playlist?id=2230989641
【女声控】天籁之音，声线美到窒息「终」,40万,http://music.163.com/playlist?id=2222445772
安静细腻的欧美小调，献给失眠的你,188万,http://music.163.com/playlist?id=2220081292
线上空调 | 如何用一把吉他冰镇夏天,110万,http://music.163.com/playlist?id=2227620058
「古风」霎是杏花雨又见千山雪,111万,http://music.163.com/playlist?id=2220703988
无限循环！40首日系温柔男声,102万,http://music.163.com/playlist?id=2226230944
希望你过得好，但不要让我知道,290万,http://music.163.com/playlist?id=2224821000
还记得你的梦想吗？别让你的梦只有想,717万,http://music.163.com/playlist?id=2219770152
古意民谣｜浮生有梦三千场 穷尽千里诗酒荒,193万,http://music.163.com/playlist?id=2219742646
『电影配乐』当优雅华尔兹遇上激情探戈,40万,http://music.163.com/playlist?id=2226210869
日系 | 各路大神请教教我谈恋爱吧！,19万,http://music.163.com/playlist?id=2226115745
日系°初夏 | 夏日の风 吹拂着你在我怀中,34万,http://music.163.com/playlist?id=2221502423
魔性Hook丨突然被这些女声洗了脑,259万,http://music.163.com/playlist?id=2219116947
『轻音 | 吉他』流淌在指尖的慵懒音符,20万,http://music.163.com/playlist?id=2223620724
如何用手机铃声惊艳四座？,63万,http://music.163.com/playlist?id=2221880576
沉迷你于星空下独独对我释放的温柔,27万,http://music.163.com/playlist?id=2220535811
【华语】藏在夏日的七彩刨冰中溜进你嘴里,263万,http://music.163.com/playlist?id=2224483173
韵律中邂逅惊艳女嗓，美到心醉,49万,http://music.163.com/playlist?id=2226234307
最后一个夏天，我们就要说再见了,73万,http://music.163.com/playlist?id=2223098913
三行情诗，目光所及处，余生全是你,20万,http://music.163.com/playlist?id=2224587176
『首首治愈』对着蓝天，放飞你的好心情,296万,http://music.163.com/playlist?id=2220772231
尤克里里|听见便是夏天的味道,46万,http://music.163.com/playlist?id=2222766432
混迹于霓虹国40年的复古节奏,46万,http://music.163.com/playlist?id=2217956735
后来你哭了，想安慰却忘了早已换了身份,888万,http://music.163.com/playlist?id=2218171336
「让宝宝一秒入睡的哄睡神曲」,100万,http://music.163.com/playlist?id=2216962972
“我不是丧，我只是不知道要干嘛”,33万,http://music.163.com/playlist?id=2213590801
『Chillhop』雨 天 少 女 随 想 。,17万,http://music.163.com/playlist?id=2217723402
『我需要你，我只需要你』,69万,http://music.163.com/playlist?id=2214962534
“因为遇到了温柔的人 所以想温柔待人”,38万,http://music.163.com/playlist?id=2218362915
「独自一人时」Lonely as I am.,11万,http://music.163.com/playlist?id=2217688736
十七岁的夏天，仿佛永远不会结束,17万,http://music.163.com/playlist?id=2214968589
新泡沫之夏 电视剧原声全记录,81万,http://music.163.com/playlist?id=2216435677
华语精选·怎样惊艳一首歌 才够资格10w＋,49万,http://music.163.com/playlist?id=2214600893
新泡沫之夏 影视原声,14万,http://music.163.com/playlist?id=2218881223
R3HAB Summer 2018 Playlist,203万,http://music.163.com/playlist?id=2212809590
聆听天使的歌唱┊独立精选集┊,86万,http://music.163.com/playlist?id=2212673272
Route66 | 逃离都市，沿着66号公路纵情西驰,175万,http://music.163.com/playlist?id=2213279820
写在民谣中的岁月缓缓流淌,33万,http://music.163.com/playlist?id=2212472967
『薄荷冰饮』来杯夏日消暑必备果汁~,41万,http://music.163.com/playlist?id=2212463706
等琴音唤醒每处阳光,21万,http://music.163.com/playlist?id=2210095297
古风|请君忘相思，愿君长久安,24万,http://music.163.com/playlist?id=2212553036
这一生山高水阔，背过身便不要再遇见了,185万,http://music.163.com/playlist?id=2210554711
megalo box（最全原声）顺序已调到最舒服,20万,http://music.163.com/playlist?id=2207358224
CityPop.泡沫都市,20万,http://music.163.com/playlist?id=2203753368
夜深了｜听电影讲枕边故事,193万,http://music.163.com/playlist?id=2203927235
『韩语』补充点恋爱糖分喵～,66万,http://music.163.com/playlist?id=2206966142
嘻哈制药丨以黑泡为底，用jazz做药引,112万,http://music.163.com/playlist?id=2201281638
海岸森系唤醒 ·「future bass」,162万,http://music.163.com/playlist?id=2205950549
花样年华：防弹少年团歌曲精选,77万,http://music.163.com/playlist?id=2201443336
纯音丨指尖黑白琴键 弹尽人间绚烂,81万,http://music.163.com/playlist?id=2208701304
「华语」喜欢你只是我一个人的彳亍,422万,http://music.163.com/playlist?id=2200298188
「清新歌谣」一场欢快的旅行,241万,http://music.163.com/playlist?id=2199769306
如果我们能够久别重逢，我希望你别来无恙,335万,http://music.163.com/playlist?id=2208261223
我最大的遗憾，是你的遗憾与我有关,936万,http://music.163.com/playlist?id=2201957752
韩‖治愈系女声，别让我的温柔无处安放,21万,http://music.163.com/playlist?id=2205804650
给文艺的你一次悦耳的旅行,462万,http://music.163.com/playlist?id=2204529782
「古风」千金纵买相如赋，脉脉此情谁诉,60万,http://music.163.com/playlist?id=2202457913
【烟花纯音】盛世花火 夏祭和风,21万,http://music.163.com/playlist?id=2201199825
睡眠与写作业双重曲轻音乐，本人一直用的。,69万,http://music.163.com/playlist?id=2201768887
韩‖开口沦陷，独具魅力的韩式女声,13万,http://music.163.com/playlist?id=2205784741
纯净之音——澄澈透明的ACG钢琴曲,33万,http://music.163.com/playlist?id=2200182189
心尖上第一抹白月光,22万,http://music.163.com/playlist?id=2199874932
民谣里，也曾是少年,297万,http://music.163.com/playlist?id=2206517620
复古流行 | Dance Back To The 80s,33万,http://music.163.com/playlist?id=2204313231
欧美治愈|决定转身的时候就不要频频回头,24万,http://music.163.com/playlist?id=2207908551
983 我想送你一世情话与安稳。,24万,http://music.163.com/playlist?id=2199721517
日系 | 向孤独者献上深白色的花束,50万,http://music.163.com/playlist?id=2194679585
电音女声–「狂野柔美的MIX」,11万,http://music.163.com/playlist?id=2209575975
『日系治愈』少年啊你眉眼如画,27万,http://music.163.com/playlist?id=2198256999
柠檬薄荷｜雨天的猫与少女,42万,http://music.163.com/playlist?id=2193067213
日系丨清冽女毒『薄荷色少女心』,65万,http://music.163.com/playlist?id=2193033807
『偶像练习生』各家自制应援曲个人曲ost,72万,http://music.163.com/playlist?id=2190390671
比起说我爱你 我更希望有机会说我也爱你,386万,http://music.163.com/playlist?id=2191164733
古风 | 我愿陪你枯骨成双 作别这场曲散人凉,23万,http://music.163.com/playlist?id=2190717778
轻电音集 | 星辰大海里的深夜伴侣,118万,http://music.163.com/playlist?id=2190542417
[纯音乐]错落一身宁静，深海浮沉摘星,15万,http://music.163.com/playlist?id=2195404116
「行走世间，全是妖怪」,22万,http://music.163.com/playlist?id=2194069699
日系 丨 一调祥谧的温暖，一曲细腻的厚重,56万,http://music.163.com/playlist?id=2196589463
『节奏控』与『封面控』的完美结合,51万,http://music.163.com/playlist?id=2192107255
“我想你一定很忙 所以你看前三个字就好”,321万,http://music.163.com/playlist?id=2198844333
[古典] 要么庸俗，要么孤独,23万,http://music.163.com/playlist?id=2195814755
日系水感女声｜溺于深海，蓝透人心,16万,http://music.163.com/playlist?id=2195021349
Driving Time·一首节奏电音 带你去兜风,174万,http://music.163.com/playlist?id=2191566904
女孩子为什么要努力？,314万,http://music.163.com/playlist?id=2197746110
瑞典音乐人Avicii离世，年仅28岁。,66万,http://music.163.com/playlist?id=2193790163
健身房高效燃脂音乐,151万,http://music.163.com/playlist?id=2192521004
听了会怀孕 花粥花大爷【绝对精选集】,33万,http://music.163.com/playlist?id=2191604946
City pop | 脱丧俱乐部里的复古蜜色,16万,http://music.163.com/playlist?id=2180830258
【日系&ACG】圣者与精灵共咏的契绊诗,64万,http://music.163.com/playlist?id=2181436358
Charlie Puth查理·普斯【音乐作品集】,11万,http://music.163.com/playlist?id=2194363065
【女声控】天籁之音，声线美到窒息「七」,53万,http://music.163.com/playlist?id=2185087020
God of War Ω（战神4原声带）,12万,http://music.163.com/playlist?id=2198101875
「日系」想和你一样做个明媚的人,55万,http://music.163.com/playlist?id=2180822480
我将深陷于单曲循环的魔咒 无法逃脱,312万,http://music.163.com/playlist?id=2182718903
电影丨《后来的我们》OST合集（导演:奶茶）,34万,http://music.163.com/playlist?id=2198627543
不好意思，我又想骗你们谈恋爱了,611万,http://music.163.com/playlist?id=2188765627
『Shiloh Dynasty』 採 樣 集（精选版）,11万,http://music.163.com/playlist?id=2181279740
「高甜」忽而今夏 OST,16万,http://music.163.com/playlist?id=2196770667
后来，我们什么都有了，却没有了我们,511万,http://music.163.com/playlist?id=2181287762
纯音丨雨是悲欢离合 雨是一生错过,87万,http://music.163.com/playlist?id=2184923682
「甜嗓控」当糖果女声邂逅清新电音,112万,http://music.163.com/playlist?id=2189506809
『衣冠上国 礼义之邦』,62万,http://music.163.com/playlist?id=2186470464
浪漫主义｜穿透灵魂的钢琴抒情曲,40万,http://music.163.com/playlist?id=2189488708
『电音故事』 从华夏文明的起源说起,28万,http://music.163.com/playlist?id=2184066432
Swing Jazz | 复古摇摆,26万,http://music.163.com/playlist?id=2189138758
第五人格游戏原声音乐,58万,http://music.163.com/playlist?id=2183446622
魔法料理：50%电音加上50%萌音！,62万,http://music.163.com/playlist?id=2176407608
『古风』烟白酒旗青，水村鱼市晴,77万,http://music.163.com/playlist?id=2186364976
「怦然心动」喜欢你头发的淡淡西瓜味,757万,http://music.163.com/playlist?id=2182092714
不怕汉子有文化，只怕他们有吉他,567万,http://music.163.com/playlist?id=2180739925
夏天到了 | 要不要提前备一个消暑单呢,105万,http://music.163.com/playlist?id=2189916695
古風&国風 / 意境如诗如画般深远而悠长,45万,http://music.163.com/playlist?id=2185065915
放飞青春｜开心的事情现在才要开始,21万,http://music.163.com/playlist?id=2180938960
『港片经典』江湖枪火，当年情风继续吹,110万,http://music.163.com/playlist?id=2188769072
[第五人格]溜屠夫专用BGM,25万,http://music.163.com/playlist?id=2171590993
kun&ikun 蔡徐坤应援曲,16万,http://music.163.com/playlist?id=2178082774
民谣情话‖多谢你做我平淡岁月里星辰,67万,http://music.163.com/playlist?id=2180914819
俏皮韩系 | 甜味泡泡○°心动预报,14万,http://music.163.com/playlist?id=2175441590
“长大应该是变得温柔，对全世界都温柔”,127万,http://music.163.com/playlist?id=2179751046
华语 | 我没有很想你，只是经常梦见你,587万,http://music.163.com/playlist?id=2172208421
「毕业将至」我最想和你做的六十一件事。,582万,http://music.163.com/playlist?id=2178572409
嘘，听他们为你唱首情歌,157万,http://music.163.com/playlist?id=2172125110
日系/帅气ο 光辉耀世 睥睨众生,19万,http://music.163.com/playlist?id=2171716416
电音｜精选20首神级电音纯音乐,70万,http://music.163.com/playlist?id=2173273497
踏春必备 | 轻快节奏让心情好到爆,264万,http://music.163.com/playlist?id=2171582996
百分九少年(Nine Percent),145万,http://music.163.com/playlist?id=2174962178
果味诱惑｜蓝莓气泡水的甜蜜刺激,94万,http://music.163.com/playlist?id=2174629403
英 摇 记 ‖斗 志 昂 扬 的 摆 脱 地 心 力,60万,http://music.163.com/playlist?id=2178216241
【精选】女生rap也很苏//嘻哈界的点睛之笔,26万,http://music.163.com/playlist?id=2172441180
60首EDM重低音炸,15万,http://music.163.com/playlist?id=2176828840
经常请吃饭的漂亮姐姐(好甜的歌)! BGM,18万,http://music.163.com/playlist?id=2175847093
Vicetunes,26万,http://music.163.com/playlist?id=2179239664
五月天，耳机里的音乐，口袋里的心情,35万,http://music.163.com/playlist?id=2174233544
情歌男嗓· 一首歌换一个老公系列,12万,http://music.163.com/playlist?id=2176989858
「无前奏日语歌」你是开在我心尖的花呀,89万,http://music.163.com/playlist?id=2160130548
『日系』舌尖之声 醉人之律,32万,http://music.163.com/playlist?id=2162270632
「所有的相遇」都是久别重逢,34万,http://music.163.com/playlist?id=2177570529
【China国风电音II】之二胡与笛子的双重奏,28万,http://music.163.com/playlist?id=2167792027
「纯音/睡前/作业」所有东西都是回忆里最好,117万,http://music.163.com/playlist?id=2167786806
纯音丨努力到无能为力 拼搏到感动自己,66万,http://music.163.com/playlist?id=2163406672
『武侠梦』我应在江湖悠悠，饮一壶浊酒,520万,http://music.163.com/playlist?id=2167679218
你怎么蠢到我喜欢你都不知道,416万,http://music.163.com/playlist?id=2161325399
《头号玩家》来，跟老斯一起看电影&玩游戏,442万,http://music.163.com/playlist?id=2169355485
「国人纯音」净化心灵的旅行,55万,http://music.163.com/playlist?id=2168874857
「亲爱的少年」你是我不能说的秘密,598万,http://music.163.com/playlist?id=2160550186
『古风』幸得识卿桃花面 自此阡陌多暖春,238万,http://music.163.com/playlist?id=2166551532
华语 | 三行情书 两滴眼泪 一段爱情,411万,http://music.163.com/playlist?id=2169331863
欢快小调·清凉节奏唤醒你的抖腿因子vol.1,178万,http://music.163.com/playlist?id=2161803752
听一曲古风清韵，饮一杯雨前清茶,13万,http://music.163.com/playlist?id=2168575929
华语说唱里的Trap元素 了解一下？,38万,http://music.163.com/playlist?id=2165284563
西语也可以温柔,12万,http://music.163.com/playlist?id=2161049463
和复仇笔记一样甜的歌单 甜味,26万,http://music.163.com/playlist?id=2165536398
【女声控】夏の美麗，幻化为人鱼般的声弦♪,13万,http://music.163.com/playlist?id=2154840179
「钢琴」我伸出手，却只抱住风…,22万,http://music.163.com/playlist?id=2157747768
「民谣」你的孤僻 与生俱来,20万,http://music.163.com/playlist?id=2163571857
『致逝者』心爱的人，永远守护着你,65万,http://music.163.com/playlist?id=2156782354
"沁凉韩系 | 碧玉盘中弄水晶""✧",11万,http://music.163.com/playlist?id=2156988698
你不知道我多羡慕你特立独行的样子,544万,http://music.163.com/playlist?id=2154763064
日语精选：日本KTV中的高人气优质女声,46万,http://music.163.com/playlist?id=2150668313
吟 游 记 ‖只 想 做 个 堕 落 的 诗 人,105万,http://music.163.com/playlist?id=2158769818
Jawn Ha何展成（Kinjaz）,12万,http://music.163.com/playlist?id=2152588399
日系/甜歌 : 其实我有七个人格,51万,http://music.163.com/playlist?id=2143886044
花房午后 · 37℃柔情小调,34万,http://music.163.com/playlist?id=2153446953
日系无前奏 丨 几秒内所带来的惊艳与感动,132万,http://music.163.com/playlist?id=2146803269
无限循环！40首日系悦耳R&B女声,185万,http://music.163.com/playlist?id=2147760874
迈阿密电音节UMF 2018 | Marshmello,17万,http://music.163.com/playlist?id=2156469254
骚气向|骚气撩人的欧美男嗓,19万,http://music.163.com/playlist?id=2155224507
民谣无深情，有的是伤心,59万,http://music.163.com/playlist?id=2155691251
任我游戏任我笑 任我琴狂剑也傲,187万,http://music.163.com/playlist?id=2149031036
【起床闹铃必备】掀被而起，君临天下！,52万,http://music.163.com/playlist?id=2140904927
以丧止丧 听一首把自己感动到哭的丧的歌,921万,http://music.163.com/playlist?id=2141039987
华夏风骨●宫商角徵羽 五音传千年,46万,http://music.163.com/playlist?id=2146003213
「嗨爆」在宿舍御用的蹦迪歌曲,350万,http://music.163.com/playlist?id=2145434166
「黑暗系女声控」毒性旋律～秒杀灵魂,21万,http://music.163.com/playlist?id=2147916538
哼首欢快的歌 来拯救你的小确丧,809万,http://music.163.com/playlist?id=2144082923
能让你写代码写出拯救世界的感觉,14万,http://music.163.com/playlist?id=2142526217
元气满满！无法抗拒の日系少女音,116万,http://music.163.com/playlist?id=2131714226
偶像练习生（其一）,37万,http://music.163.com/playlist?id=2144225404
盘尼西林 & 落日飞车 & Deca Joins,15万,http://music.163.com/playlist?id=2134161438
【起床铃】我“恶毒”的室友系列,101万,http://music.163.com/playlist?id=2133663200
「欧美电子」电子与人声的完美碰撞♚,171万,http://music.163.com/playlist?id=2135457343
【日系燃曲】吾，即是为战斗而存在,70万,http://music.163.com/playlist?id=2137215049
治愈歌谣 | 寂静于暖 安然于甜vol.1,113万,http://music.163.com/playlist?id=2138158914
这就是街舞经典背景音乐耳熟能详,88万,http://music.163.com/playlist?id=2137651853
一人之下完全歌单,19万,http://music.163.com/playlist?id=2129984745
『音乐童话』精灵吟唱 | 如梦似幻,35万,http://music.163.com/playlist?id=2127435358
仙人抚我顶，结发受长生。,735万,http://music.163.com/playlist?id=2132009349
『软音萌电』医疗兵就位，恶势力散退！,61万,http://music.163.com/playlist?id=2122586943
胡歌 经典影视歌曲特辑,68万,http://music.163.com/playlist?id=2138154214
五月天 | 青春，有你无悔。,98万,http://music.163.com/playlist?id=2130746789
黑胶酒馆|耳畔的浪漫眼中的你,292万,http://music.163.com/playlist?id=2125737991
张国荣：只怪你过份美丽,174万,http://music.163.com/playlist?id=2129489084
民谣/ 陈鸿宇＆谢春花,17万,http://music.163.com/playlist?id=2130731618
少年不听李宗盛，听懂已是不惑年,286万,http://music.163.com/playlist?id=2129184583
李子柒美食视频背景音乐全收录,14万,http://music.163.com/playlist?id=2127570721
再听这些歌时你已热泪盈眶，你曾是少年,662万,http://music.163.com/playlist?id=2128858806
致暗恋：陪伴是最怂的告白,679万,http://music.163.com/playlist?id=2127074784
电影里的音乐人，胶片上的旧时光,186万,http://music.163.com/playlist?id=2126200965
轻柔英文歌 睡觉专用,107万,http://music.163.com/playlist?id=2125896151
林宥嘉翻唱精选 | 个人向,55万,http://music.163.com/playlist?id=2121778560
一人之下角色、同人歌,12万,http://music.163.com/playlist?id=2124539885
仙剑奇侠传一 仙剑奇侠传三 电视剧原声带,40万,http://music.163.com/playlist?id=2122703724
一听就上瘾的欧美流行歌曲，开口就沦陷！,277万,http://music.163.com/playlist?id=2116810839
［中文说唱］Underground永不为奴,178万,http://music.163.com/playlist?id=2119440255
清新电子丨柠檬气泡水般夏日心情,146万,http://music.163.com/playlist?id=2101635690
「日系抒情」|直抵你的内心,78万,http://music.163.com/playlist?id=2109852056
Lemon-米津玄师-翻唱翻奏全收录,15万,http://music.163.com/playlist?id=2114347499
[RAP]中文励志说唱-为梦想努力奋斗,17万,http://music.163.com/playlist?id=2116945770
慢慢喜欢你-莫文蔚,15万,http://music.163.com/playlist?id=2129635526
熱 評 已 註 銷.,66万,http://music.163.com/playlist?id=2110666644
小鬼-王琳凯//扑朔迷离的快乐病毒了解下？,89万,http://music.163.com/playlist?id=2114596021
一禅小和尚背景音乐,154万,http://music.163.com/playlist?id=2116094255
作业用BGM（英文版）,190万,http://music.163.com/playlist?id=2107710305
蒸△气▽蒸▷気◁蒸汽波,15万,http://music.163.com/playlist?id=2092901473
励志的声音 | 中文说唱,16万,http://music.163.com/playlist?id=2102207741
土木三班陈同学（小懒猪陈）——持更,39万,http://music.163.com/playlist?id=2109630946
“温柔点吧，这个世界已经够浮躁的了”,218万,http://music.163.com/playlist?id=2098892084
如果思念有声音，该是我心跳的回响,337万,http://music.163.com/playlist?id=2098923749
听说把糖放在枕头底下会做一个甜甜的梦,840万,http://music.163.com/playlist?id=2091484707
【R&B】慵懒的感觉非常舒服,58万,http://music.163.com/playlist?id=2094091970
「日式森系」栀子花年少她,72万,http://music.163.com/playlist?id=2086961288
这才是魔道祖师的正确打开方式(含翻唱),33万,http://music.163.com/playlist?id=2086524730
单曲循环☞听不腻☜的民谣歌单,55万,http://music.163.com/playlist?id=2099724538
【女声控】美到窒息，化与灵魂共鸣的音符♪,56万,http://music.163.com/playlist?id=2075331099
魔道祖师 | “道长~洋洋想吃糖”,22万,http://music.163.com/playlist?id=2072746062
康纳麦格雷戈专属BGM,136万,http://music.163.com/playlist?id=2090838082
多热烈的白羊，热烈的抽象。,592万,http://music.163.com/playlist?id=2088358594
【蔡徐坤】偶像练习生♡星动亚洲,129万,http://music.163.com/playlist?id=2089973964
能邀你在低音鼓上跳一支舞吗？,98万,http://music.163.com/playlist?id=2075514431
写作业累了，要不来一段Freestyle ？,468万,http://music.163.com/playlist?id=2069749302
朱正廷 偶像练习生,43万,http://music.163.com/playlist?id=2075426362
偶像练习生_歌单合辑pick pick pick,666万,http://music.163.com/playlist?id=2070299050
这些歌比《说散就散》《体面》更扎心！,219万,http://music.163.com/playlist?id=2065639760
「日系/燃向丧」我无法理解的世界,170万,http://music.163.com/playlist?id=2042383725
一个比较走心的民谣歌单,264万,http://music.163.com/playlist?id=2067079376
『催眠神曲』亲试有效听片刻即困。,156万,http://music.163.com/playlist?id=2049139112
你说你很累，可谁又活得顺风顺水,940万,http://music.163.com/playlist?id=2055724092
玩人类一败涂地BGM,53万,http://music.163.com/playlist?id=2043525032
世界仍有新事，你我再没故事,289万,http://music.163.com/playlist?id=2050621026
Beautiful Now【音乐的力量·电音】,127万,http://music.163.com/playlist?id=2050976156
适合努力学习英语时听的歌曲,1266万,http://music.163.com/playlist?id=2015397679
人这一辈子，最怕突然听懂了一首歌。,1579万,http://music.163.com/playlist?id=2020864493
bingo！来一场完美的女声邂逅,16万,http://music.163.com/playlist?id=2287878865
2018年六月最热新歌TOP50,849万,http://music.163.com/playlist?id=2295860315
Psy Trance神秘禁区 考验耳机的时候来了!!!,19万,http://music.163.com/playlist?id=2291263600
Psy Trance神秘禁区 考验耳机的时候来了!!!,24万,http://music.163.com/playlist?id=2289470211
网易云纯音乐榜（2018.7.2）,75万,http://music.163.com/playlist?id=2172458253
Rose: The J.Fla Collection,23万,http://music.163.com/playlist?id=2202423586
Heart Signal 2 BGM,40万,http://music.163.com/playlist?id=2183367364
全网易最贵歌单了解一下？,21万,http://music.163.com/playlist?id=2181517234
【歌荒救星】一大波红心歌驾到~,56万,http://music.163.com/playlist?id=2268653398
那些曾经在Billboard上爆红的HipHop———,51万,http://music.163.com/playlist?id=2122279649
晚安日语：希望每天醒来都能看见你,33万,http://music.163.com/playlist?id=2217297057
林彦俊分享过的歌,26万,http://music.163.com/playlist?id=2096871697
